{"cameraMode":{"drawMode":0,"name":"Shaded","section":"Shading Mode"},"sceneLighting":false,"audioPlay":false,"sceneViewState":{"showFog":true,"showMaterialUpdate":false,"showSkybox":true,"showFlares":true,"showImageEffects":true,"showParticleSystems":true},"in2DMode":false,"pivot":{"x":4.653862476348877,"y":2.559549570083618,"z":5.0580949783325199},"rotation":{"x":0.017232505604624749,"y":0.8129348158836365,"z":-0.5816161036491394,"w":0.02372034266591072},"size":6.145554065704346,"orthographic":false}