{"cameraMode":{"drawMode":0,"name":"Shaded","section":"Shading Mode"},"sceneLighting":false,"audioPlay":false,"sceneViewState":{"showFog":true,"showMaterialUpdate":false,"showSkybox":true,"showFlares":true,"showImageEffects":true,"showParticleSystems":true},"in2DMode":false,"pivot":{"x":4.428497791290283,"y":0.7739462852478027,"z":0.3007224500179291},"rotation":{"x":0.29638728499412539,"y":-0.6978746056556702,"z":0.4058291018009186,"w":0.510321855545044},"size":27.681425094604493,"orthographic":false}